{
    "x": [
        500,
        1000,
        1500,
        2000,
        2500,
        3000,
        3500,
        4000,
        4500,
        5500,
        6500,
        7500
    ],
    "y": [
        10.0,
        18.0,
        26.0,
        35.0,
        43.0,
        51.0,
        59.0,
        67.0,
        75.0,
        83.0,
        91.0,
        100.0
    ],
    "z": [
        14.700000000000001,
        14.700000000000001,
        15.0,
        15.0,
        15.0,
        15.0,
        15.0,
        15.0,
        15.0,
        15.0,
        15.0,
        15.0,
        14.700000000000001,
        14.700000000000001,
        14.700000000000001,
        14.700000000000001,
        15.100000000000001,
        15.100000000000001,
        15.100000000000001,
        15.100000000000001,
        15.0,
        14.9,
        14.8,
        14.700000000000001,
        14.700000000000001,
        14.700000000000001,
        14.700000000000001,
        14.700000000000001,
        15.3,
        15.3,
        15.3,
        15.200000000000001,
        15.200000000000001,
        15.0,
        14.9,
        14.700000000000001,
        14.700000000000001,
        14.700000000000001,
        14.700000000000001,
        14.700000000000001,
        15.4,
        15.4,
        15.4,
        15.4,
        15.3,
        15.100000000000001,
        14.9,
        14.700000000000001,
        14.700000000000001,
        14.700000000000001,
        14.700000000000001,
        14.700000000000001,
        15.5,
        15.5,
        15.5,
        15.5,
        15.4,
        15.200000000000001,
        14.9,
        14.700000000000001,
        14.700000000000001,
        14.700000000000001,
        14.700000000000001,
        14.700000000000001,
        15.5,
        15.5,
        15.5,
        15.5,
        15.4,
        15.200000000000001,
        14.9,
        14.700000000000001,
        14.700000000000001,
        14.700000000000001,
        14.700000000000001,
        14.700000000000001,
        15.5,
        15.5,
        15.5,
        15.5,
        15.4,
        15.200000000000001,
        14.9,
        14.700000000000001,
        14.700000000000001,
        14.700000000000001,
        14.700000000000001,
        14.700000000000001,
        14.700000000000001,
        14.700000000000001,
        14.700000000000001,
        14.700000000000001,
        14.700000000000001,
        14.700000000000001,
        14.700000000000001,
        14.700000000000001,
        14.700000000000001,
        14.700000000000001,
        14.700000000000001,
        14.700000000000001,
        14.700000000000001,
        14.700000000000001,
        14.700000000000001,
        14.700000000000001,
        14.700000000000001,
        14.700000000000001,
        14.700000000000001,
        14.700000000000001,
        14.700000000000001,
        14.700000000000001,
        14.700000000000001,
        14.700000000000001,
        14.700000000000001,
        14.700000000000001,
        14.700000000000001,
        14.700000000000001,
        14.700000000000001,
        14.700000000000001,
        14.700000000000001,
        14.700000000000001,
        14.4,
        14.4,
        14.4,
        14.4,
        14.4,
        14.4,
        14.4,
        14.4,
        14.4,
        14.4,
        14.4,
        14.4,
        14.0,
        14.0,
        14.0,
        14.0,
        14.0,
        14.0,
        14.0,
        14.0,
        14.0,
        14.0,
        14.0,
        14.0
    ]
}